RMS Velocity (mm/s),Stiffness ratio,Equivalent Stress Maximum [MPa]
0.650182366,10,15.5404799
1.215130091,10,15.6723733
1.993253827,10,15.826773
2.956494689,10,17.70414925
4.029549658,10,18.4339641
5.091637373,10,18.7966152
5.991786718,10,19.1115118
6.496280432,10,19.4639924
6.415203214,10,19.8139987
5.558863282,10,20.1625124
1.917481422,10,20.4661589
5.362547934,10,20.813622
14.35159147,10,62.63123045
24.77591485,10,63.85660907
36.49950027,10,64.83637369
49.25560206,10,65.68411798
2.74027884,10,54.22090583
8.247897029,10,65.4129343
18.16852391,10,66.44108683
41.63081944,10,67.31694783
25.24081618,10,67.98515593
105.576694,10,68.68950961
172.5213751,10,69.15185088
251.9688047,10,69.63647948
248.9704788,10,70.04511222
257.4883178,10,70.33061046
273.8169953,10,70.62123981
283.9317322,10,70.71522976
297.4639386,10,70.83098972
310.1101965,10,70.7733414
320.371747,10,70.59546088
331.3567638,10,70.21055148
0.231593847,10,55.60522392
0.459969044,10,55.25035955
1.60703063,10,55.44473062
3.81745398,10,55.11791431
7.446229458,10,54.83345288
11.54603064,10,66.6234114
19.89245415,10,67.24187251
31.28643334,10,67.64646723
47.3279804,10,68.01374287
0.389188528,10,68.38936517
46.92922533,10,68.71642777
82.73231238,10,68.89843685
97.68532217,10,69.04472287
129.6698228,10,69.29105175
142.9673806,10,69.3616208
152.093336,10,69.3091129
0.016003847,10,24.5496958
0.073373318,10,31.3022218
0.315800309,10,54.11183862
0.308200717,10,54.31507209
0.284254551,10,54.12341176
0.278994441,10,54.38352669
0.306993723,10,54.40922465
0.422626734,10,54.36535136
0.456899405,10,54.45493692
0.570550561,10,54.35286255
0.646650791,10,54.49363007
0.663727522,10,54.51018528
0.867754221,10,54.48741002
0.903517008,10,54.54034212
1.081377268,10,54.4766131
1.157969236,10,54.56796191
0.006183982,10,0.739289781
0.229399651,10,3.982679125
0.290423632,10,5.035808
0.357165933,10,6.185935375
0.429429114,10,7.429466625
0.507175922,10,8.765759
0.592187047,10,10.2269225
0.749766827,10,12.91487925
0.765115023,10,13.14500375
0.77162683,10,13.23540825
0.806584954,10,13.2990025
0.817254186,10,13.35691725
0.827655196,10,13.4033935
0.83860755,10,13.452139
0.908493996,10,13.490525
0.92881918,10,13.53445125
0.687003136,10,11.952407
0.885605812,10,15.38521375
1.128137112,10,19.5765035
1.399189234,10,24.2491575
1.666665077,10,28.8558865
2.016425133,10,34.8718465
2.339601517,10,53.49663853
2.72077322,10,54.24827517
3.581702709,10,55.60683052
3.53705883,10,55.52878941
3.425002098,10,55.35544151
3.384530544,10,55.08586003
3.354430199,10,54.98811763
3.272175789,10,54.79701001
3.466665745,10,54.69223508
3.451883793,10,54.52079321
0.468723476,10,8.170201375
0.590413809,10,10.282485
0.76122582,10,13.2428675
0.928223133,10,16.1320485
1.096278429,10,19.0350785
1.273423433,10,22.096381
1.501023769,10,26.0248965
1.706153154,10,29.557887
1.920074224,10,33.239172
2.1520257,10,53.0861386
2.419173717,10,53.6677879
2.664685249,10,54.1474593
2.894282341,10,54.55827309
3.207564354,10,55.06859178
3.505170345,10,55.5089043
3.798425198,10,55.90746566
0.105341896,10,1.841942844
0.125952065,10,2.200999188
0.161062926,10,2.812166375
0.190399587,10,3.32264775
0.224582851,10,3.91609375
0.263735652,10,4.596805563
0.292114913,10,5.089132125
0.339657068,10,5.913573375
0.376686454,10,6.55546125
0.421442091,10,7.329851625
0.468917191,10,8.152769625
0.50380826,10,8.756213
0.562414527,10,9.769807
0.605806708,10,10.5201705
0.660046935,10,11.45627125
0.714629889,10,12.40020475
0.101692975,10,1.853627719
0.133801252,19.8019802,2.435502813
0.1693964,19.8019802,3.079555438
0.208325684,19.8019802,3.782935125
0.250481069,19.8019802,4.543441
0.295832753,19.8019802,5.360663125
0.345394015,19.8019802,6.253909
0.437483191,19.8019802,7.9009545
0.446528196,19.8019802,8.0431935
0.450327992,19.8019802,8.098620375
0.453069806,19.8019802,8.13756925
0.4555583,19.8019802,8.1730205
0.457599759,19.8019802,8.201469875
0.459700823,19.8019802,8.231300125
0.495374203,19.8019802,8.25479375
0.502184033,19.8019802,8.281673
0.400677323,19.8019802,7.3088615
0.516533852,19.8019802,9.408167
0.658005476,19.8019802,11.9713085
0.816106796,19.8019802,14.82888225
0.972121954,19.8019802,17.64615075
1.176118851,19.8019802,21.3252415
1.364588737,19.8019802,24.7181715
1.586794853,19.8019802,28.7256165
2.090275288,19.8019802,53.15076724
2.0647645,19.8019802,53.07394879
1.999378204,19.8019802,52.90071679
1.898467541,19.8019802,33.99572
1.864910126,19.8019802,33.3378495
1.798331738,19.8019802,32.0876045
1.892268658,19.8019802,31.422167
1.859605312,19.8019802,30.363164
0.273369253,19.8019802,4.99595825
0.344350934,19.8019802,6.287661375
0.443980098,19.8019802,8.098020375
0.541388988,19.8019802,9.8648745
0.639408827,19.8019802,11.64022575
0.742733479,19.8019802,13.5123525
0.875502825,19.8019802,15.914848
0.995159149,19.8019802,18.0755015
1.119941473,19.8019802,20.3268615
1.255214214,19.8019802,22.770065
1.411139965,19.8019802,25.57928
1.554250717,19.8019802,28.154936
1.688182354,19.8019802,30.566033
1.870930195,19.8019802,33.850605
2.044558525,19.8019802,53.05009329
2.215504646,19.8019802,53.44846437
0.061437488,19.8019802,1.126286969
0.073455274,19.8019802,1.345852281
0.09393692,19.8019802,1.7195885
0.111047179,19.8019802,2.031754906
0.130981207,19.8019802,2.394668063
0.153824687,19.8019802,2.810936125
0.170372427,19.8019802,3.112013875
0.198103487,19.8019802,3.616192938
0.219702721,19.8019802,4.0087335
0.245809555,19.8019802,4.482316875
0.273503363,19.8019802,4.985564125
0.293850899,19.8019802,5.354605875
0.328034163,19.8019802,5.974475625
0.353351235,19.8019802,6.433365875
0.384986401,19.8019802,7.00585625
0.416830182,19.8019802,7.583122875
0.024802983,19.8019802,0.653136891
0.298846513,5.05,3.547521063
0.384796411,5.05,4.5886805
0.479847193,5.05,5.74400825
0.583663583,5.05,7.009553625
0.695928931,5.05,8.6060265
0.816382468,5.05,10.08401875
0.944785774,5.05,11.65757525
1.080900431,5.05,13.32368825
1.224592328,5.05,15.08026825
1.376211643,5.05,16.93143875
1.547545195,5.05,19.0252595
1.763507724,5.05,21.623117
1.825004816,5.05,21.8538605
1.8466115,5.05,21.9683705
1.865714788,5.05,22.05872
0.840373337,5.05,9.83809625
1.110225916,5.05,13.09067575
1.437783241,5.05,17.05727825
1.813560724,5.05,21.617234
2.18641758,5.05,26.1492595
2.677351236,5.05,32.1337565
3.137499094,5.05,53.29269385
3.657281399,5.05,54.05389713
4.232466221,5.05,54.77836352
4.780173302,5.05,55.38215255
5.481243134,5.05,56.06117107
6.125986576,5.05,56.61198887
6.852686405,5.05,57.1688067
8.362174034,5.05,58.15384433
8.407354355,5.05,58.16739443
8.410215378,5.05,58.04248792
0.556282699,5.05,6.446539875
0.713869929,5.05,8.317903625
0.939331949,5.05,11.0095675
1.165911555,5.05,13.73317275
1.398399472,5.05,16.5635035
1.640379429,5.05,19.4794685
1.955658197,5.05,23.293933
2.246528864,5.05,26.832465
2.552092075,5.05,30.5566585
2.877742052,5.05,34.512226
3.259301186,5.05,53.33927758
3.615498543,5.05,54.00164292
3.946423531,5.05,54.43666531
4.398047924,5.05,54.97474067
4.830360413,5.05,55.44008191
5.249083042,5.05,55.85229992
0.115714036,5.05,1.347599531
0.141486526,5.05,1.651878094
0.189330429,5.05,2.177938281
0.226816162,5.05,2.619346375
0.272721052,5.05,3.166309438
0.323265791,5.05,3.76329575
0.361796468,5.05,4.223568938
0.426150858,5.05,4.9925485
0.476270914,5.05,5.591324625
0.538885593,5.05,6.345383
0.603035092,5.05,7.11202875
0.652134418,5.05,7.714660875
0.733964145,5.05,8.70127275
0.794656575,5.05,9.432834
0.872269273,5.05,10.37396275
0.948138535,5.05,11.28801075
0.129915774,5.05,1.611082469
0.174589455,10,2.275201844
0.224817544,10,2.92408375
0.280365348,10,3.640617375
0.341035426,10,4.422151063
0.406652689,10,5.2663145
0.477053225,10,6.17092325
0.552095473,10,7.134039125
0.631645322,10,8.1538195
0.715628266,10,9.228971
0.804230571,10,10.36188575
0.90393424,10,11.637855
1.031577587,10,13.24657575
1.0445714,10,13.39025475
1.051351428,10,13.46078325
1.056730747,10,13.51626625
0.490836799,10,6.051013125
0.648513436,10,8.045260625
0.839903951,10,10.9482105
1.059487462,10,13.78271375
1.27735734,10,16.5931085
1.564234495,10,20.288699
1.833170652,10,23.744013
2.136945724,10,27.649231
2.473056316,10,31.961107
2.793192863,10,52.92649399
3.202915192,10,53.60561245
3.579616547,10,54.15645106
4.003882408,10,54.71269539
4.888296127,10,55.70062991
4.920840263,10,55.72022489
4.810094833,10,55.59585794
0.324860215,10,3.969484563
0.41692704,10,5.118729
0.548653305,10,6.77079275
0.681042671,10,8.441258375
0.816911459,10,10.6555885
0.958293676,10,12.4863225
1.142531633,10,14.86775275
1.31252408,10,17.059491
1.491069794,10,19.359933
1.681387424,10,21.8155215
1.904368401,10,24.686475
2.112537622,10,27.362029
2.305924892,10,29.8497735
2.569854259,10,33.241898
2.822518349,10,52.98448642
3.06725502,10,53.39678946
0.069275498,10,0.83171075
0.084433705,10,1.018842641
0.110562891,10,1.342267906
0.132460147,10,1.613610563
0.159285963,10,1.949420156
0.188812613,10,2.316277188
0.211324543,10,2.598782813
0.248927623,10,3.07075075
0.27821213,10,3.4382605
0.314801931,10,3.900688063
0.352285802,10,4.371212813
0.380985439,10,4.972098875
0.428795815,10,5.591105125
0.464260578,10,6.050248875
0.509619713,10,6.635992625
0.553950667,10,7.21011025
0.03173016,10,0.598244883
0.094638788,10,0.249786762
0.133029884,10,0.348973031
0.17460552,10,0.456326922
0.219288748,10,0.571501266
0.266926829,10,0.694192594
0.317420345,10,0.824003813
0.370698981,10,0.961101594
0.426727347,10,1.105281172
0.485504046,10,1.256568688
0.547054224,10,1.4150795
0.611420721,10,1.580934625
0.678674318,10,1.754379906
0.751668587,10,1.935623531
0.82498882,10,2.124990688
0.901481137,10,2.322743969
0.124495011,10,0.479302904
0.271501485,10,0.751241188
0.414700247,10,1.126785203
0.582980923,10,1.566239844
0.740076415,10,1.976622063
0.9417478,10,2.502769
1.127760857,10,2.985222938
1.32676214,10,3.503342438
1.542462036,10,4.061755125
1.741155982,10,4.576494625
1.988042146,10,5.215830875
2.204529941,10,5.7742375
2.439714968,10,6.382782875
2.68458575,10,7.013937375
2.90992111,10,7.594299625
3.185328096,10,8.30514625
0.314747682,10,0.279504125
0.018346356,10,0.215614392
0.155913644,10,0.526096761
0.256025698,10,0.824132766
0.376871787,10,1.013571469
0.480352901,10,1.288780281
0.619481318,10,1.651885594
0.754600391,10,2.001223656
0.89337118,10,2.360912969
1.031283289,10,2.719684563
1.195315272,10,3.144834688
1.351473853,10,3.548419875
1.495404169,10,3.920342813
1.683175564,10,4.40688475
1.864701509,10,4.874825375
2.041764557,10,5.331852125
0.031727715,10,0.131798863
0.182932999,10,0.136056727
0.003299268,10,0.127301156
0.131089691,10,0.109184539
0.013397075,10,0.098101953
0.031658099,10,0.1600244
0.055143377,10,0.221162756
0.103422673,10,0.30770025
0.128367683,10,0.375268477
0.161379343,10,0.414405328
0.185299199,10,0.489390484
0.212894753,10,0.560803875
0.252766535,10,0.663552688
0.283726025,10,0.744065734
0.324012246,10,0.848066109
0.359716825,10,0.941007891
0.055928598,10,0.157161131
0.089200563,19.8019802,0.243683445
0.125902938,19.8019802,0.34130218
0.165664358,19.8019802,0.446853578
0.20839693,19.8019802,0.560090352
0.25395304,19.8019802,0.680721938
0.302247703,19.8019802,0.808532672
0.353205949,19.8019802,0.943356031
0.406798907,19.8019802,1.085148891
0.463023782,19.8019802,1.233718047
0.521902926,19.8019802,1.389593344
0.583480112,19.8019802,1.552690594
0.64781867,19.8019802,1.723246438
0.717835501,19.8019802,1.901465188
0.787980855,19.8019802,2.087661094
0.86116232,19.8019802,2.282092125
0.104964478,19.8019802,0.464141051
0.251037069,19.8019802,0.74325658
0.387990847,19.8019802,1.098354973
0.549484044,19.8019802,1.527174031
0.699677505,19.8019802,1.930359781
0.89240633,19.8019802,2.447159063
1.070415601,19.8019802,2.921398813
1.260505989,19.8019802,3.430217125
1.466756687,19.8019802,3.979785063
1.656707376,19.8019802,4.485641375
1.892726868,19.8019802,5.11303525
2.099875361,19.8019802,5.662135875
2.324685454,19.8019802,6.2602005
2.558935434,19.8019802,6.880846125
2.774454653,19.8019802,7.45156575
3.037873656,19.8019802,8.15052675
0.019662431,19.8019802,0.291725297
0.017311424,19.8019802,0.186198805
0.144221354,19.8019802,0.509685382
0.246677548,19.8019802,0.70743767
0.353785232,19.8019802,0.997025085
0.450421125,19.8019802,1.258197232
0.584022142,19.8019802,1.611168
0.712935813,19.8019802,1.954890844
0.84608607,19.8019802,2.308683406
0.977870077,19.8019802,2.661021438
1.134566963,19.8019802,3.0788445
1.284046099,19.8019802,3.475699625
1.42153725,19.8019802,3.841248
1.601092517,19.8019802,4.3193515
1.77475065,19.8019802,4.78035575
1.944173127,19.8019802,5.22977625
0.261824636,19.8019802,0.133210447
0.024243549,19.8019802,0.135570127
0.035041885,19.8019802,0.129895215
0.10245046,19.8019802,0.114369289
0.005288224,19.8019802,0.092487867
0.035545323,19.8019802,0.153007701
0.050930888,19.8019802,0.215430631
0.094613293,19.8019802,0.300093891
0.1179541,19.8019802,0.322848171
0.151389278,19.8019802,0.408527364
0.173778972,19.8019802,0.479960254
0.202427618,19.8019802,0.547369634
0.238600653,19.8019802,0.648164156
0.268265139,19.8019802,0.72733225
0.30680839,19.8019802,0.829675453
0.340997241,19.8019802,0.920953578
2.559071174,19.8019802,28.985037
0.20034099,5.05,0.401831188
0.242943643,5.05,0.48565643
0.28577121,5.05,0.569541594
0.328002963,5.05,0.652058719
0.368919922,5.05,0.731838984
0.407801475,5.05,0.807528156
0.443934463,5.05,0.877657672
0.47654612,5.05,0.940924578
0.504810829,5.05,0.995681219
0.527797267,5.05,1.040149516
0.544416253,5.05,1.069744313
0.553347636,5.05,1.086517
0.55289641,5.05,1.085157875
0.54076314,5.05,1.061092094
0.513552688,5.05,1.007863734
0.677466393,5.05,1.371015625
0.852476805,5.05,1.716149688
1.063205302,5.05,2.132616563
1.284261234,5.05,2.5660005
1.494222321,5.05,2.97693075
1.758504659,5.05,3.492502688
1.979485154,5.05,3.921158813
2.233959734,5.05,4.416724313
2.488616854,5.05,4.909561125
2.721110359,5.05,5.359660125
3.008011729,5.05,5.914171375
3.234921023,5.05,6.349807375
3.496237099,5.05,6.854286125
3.747723997,5.05,7.336819625
3.970600665,5.05,7.764678625
4.245594144,5.05,8.29187225
0.459852163,5.05,0.945625891
0.545386691,5.05,1.167505703
0.722533558,5.05,1.470296688
0.860286877,5.05,1.74782125
0.997204334,5.05,2.009949875
1.136356965,5.05,2.286119688
1.311055385,5.05,2.631211188
1.452635974,5.05,2.90719875
1.592614688,5.05,3.181708125
1.749513671,5.05,3.491061625
1.918951049,5.05,3.8224305
2.056010067,5.05,4.089099438
2.179972827,5.05,4.332183875
2.355411649,5.05,4.674522813
2.50165537,5.05,4.958885125
2.623012289,5.05,5.1941145
0.05477888,5.05,0.216318164
0.136461109,5.05,0.253688547
0.116963289,5.05,0.317774727
0.171457184,5.05,0.369007555
0.211505452,5.05,0.424863805
0.239483314,5.05,0.491560508
0.252215657,5.05,0.532418313
0.286072725,5.05,0.606580508
0.326575246,5.05,0.659531719
0.355711905,5.05,0.719803234
0.385568012,5.05,0.788164266
0.405714847,5.05,0.826440969
0.445812941,5.05,0.903741453
0.469899736,5.05,0.952418625
0.499577262,5.05,1.011258906
0.531608704,5.05,1.075399578
0.147025916,5.05,0.306260094
0.186828664,10,0.385848148
0.227122335,10,0.467086563
0.267622992,10,0.548456273
0.307540642,10,0.628541781
0.346260378,10,0.705984563
0.38305833,10,0.779371453
0.417231582,10,0.847445313
0.448036939,10,0.908708438
0.474669505,10,0.961584813
0.496220309,10,1.004297906
0.511629973,10,1.032223125
0.519598834,10,1.047457266
0.518457964,10,1.044623109
0.505920034,10,1.019055281
0.478568953,10,0.9640865
0.62355632,10,1.311134
0.793445855,10,1.645593438
0.992228277,10,2.048625406
1.201457344,10,2.469594688
1.400331035,10,2.868828875
1.650679857,10,3.370325625
1.860957593,10,3.788563063
2.102468163,10,4.271013875
2.34487839,10,4.752054813
2.566093579,10,5.191210375
2.839298919,10,5.732604
3.056021407,10,6.158994375
3.304865211,10,6.651520875
3.545004874,10,7.123696125
3.757655621,10,7.542055
4.020195454,10,8.057833625
0.43273624,10,0.899886375
0.523721799,10,1.112859391
0.655000098,10,1.404396563
0.798706897,10,1.672392063
0.921975821,10,1.926142219
1.058475114,10,2.192666063
1.222314313,10,2.527236656
1.356691122,10,2.794453
1.489525661,10,3.061009813
1.637473702,10,3.360248813
1.797610894,10,3.6818715
1.927264035,10,3.941084688
2.044161782,10,4.176437313
2.210194245,10,4.508837375
2.348840237,10,4.7851195
2.463873476,10,5.013705125
0.056905439,10,0.204843313
0.029177289,10,0.239901262
0.074596261,10,0.301236941
0.15363784,10,0.350067734
0.190600753,10,0.403724945
0.222783303,10,0.467418016
0.236646039,10,0.506455398
0.27019647,10,0.577766898
0.296521699,10,0.628396883
0.321801519,10,0.68647725
0.355461147,10,0.751903859
0.376229174,10,0.788408656
0.411508605,10,0.862902422
0.433465932,10,0.909359813
0.463055447,10,0.966065203
0.492582098,10,1.027390016
3.87551263,0.198019802,53.82696185
5.791723728,0.198019802,55.31925437
7.864542305,0.198019802,56.99698867
10.04641503,0.198019802,58.40134013
12.27653027,0.198019802,59.61856314
14.62012529,0.198019802,60.74588623
18.23082566,0.198019802,62.12032568
18.4250772,0.198019802,62.4136244
18.11078191,0.198019802,62.80021618
17.27633178,0.198019802,63.07266124
15.83005488,0.198019802,63.55164791
13.63886893,0.198019802,64.11323772
10.61187685,0.198019802,64.69336223
3.067225218,0.198019802,65.27380661
6.307795644,0.198019802,65.84658541
4.464745522,0.198019802,61.85537404
11.4659965,0.198019802,62.68734664
19.34188604,0.198019802,63.48461058
29.80747819,0.198019802,63.96639524
39.99748826,0.198019802,64.20661968
53.70494723,0.198019802,64.62942209
66.97702408,0.198019802,65.01643671
81.22497797,0.198019802,66.41728942
104.162395,0.198019802,68.6150886
110.5514765,0.198019802,68.38317174
119.8973656,0.198019802,67.72132025
129.0282607,0.198019802,67.04712493
141.0474777,0.198019802,67.44900233
155.3451419,0.198019802,67.640009
167.8103209,0.198019802,67.59254565
185.8870983,0.198019802,67.39593631
1.91321224,0.198019802,60.07663993
0.061646104,0.198019802,60.93082452
3.827556968,0.198019802,61.81627148
8.501842618,0.198019802,62.34121699
13.7783885,0.198019802,62.60158292
18.44799519,0.198019802,62.81969314
25.38317442,0.198019802,63.04120427
32.17867017,0.198019802,63.83856335
39.27960992,0.198019802,64.90681832
45.82175612,0.198019802,65.76974196
54.18723822,0.198019802,66.66936187
61.88672781,0.198019802,67.44329581
68.06045771,0.198019802,68.06418602
77.34143734,0.198019802,68.78422885
85.88320017,0.198019802,69.42736606
94.19673681,0.198019802,70.06096423
1.958111301,0.198019802,52.93820929
1.897318289,0.198019802,53.58144892
1.583945006,0.198019802,54.50892659
1.386329532,0.198019802,55.08837066
0.70047006,0.198019802,55.51289119
0.329248607,0.198019802,56.05734831
0.143900514,0.198019802,56.16792634
1.165010035,0.198019802,56.44111444
1.774355769,0.198019802,56.48569181
2.954550087,0.198019802,56.92775994
3.748595715,0.198019802,57.69216983
4.427336156,0.198019802,58.3468823
5.9055686,0.198019802,59.13078013
6.73058629,0.198019802,59.70677599
8.162781596,0.198019802,60.36025179
9.200498462,0.198019802,60.89295608
0.174354762,0.198019802,3.031208688
1.458708197,0.1,53.2584381
0.437188894,0.1,55.04246772
2.677589655,0.1,56.64306188
5.166843534,0.1,58.01511359
7.806055248,0.1,59.21805318
10.51402837,0.1,60.28993726
13.26490939,0.1,61.25700907
15.95938951,0.1,62.13829693
18.57095957,0.1,62.94882012
21.15286887,0.1,63.7898825
26.09525621,0.1,64.82363574
24.8413831,0.1,65.20088354
22.309497,0.1,65.55489805
18.83979142,0.1,65.92693526
14.43451643,0.1,66.31734284
22.63236791,0.1,61.59477999
17.36210287,0.1,62.42847933
11.86095178,0.1,63.22567396
1.58752501,0.1,63.71733617
8.913457394,0.1,63.96928821
24.01167154,0.1,64.17344453
40.60170054,0.1,64.93508373
56.84643984,0.1,66.08976318
76.74559951,0.1,67.20156937
94.58681941,0.1,68.10623906
117.6011562,0.1,69.06056064
139.23949,0.1,69.89107757
170.3360081,0.1,71.12770719
189.0141368,0.1,71.55104657
194.5338249,0.1,71.53980807
201.5008926,0.1,71.50141027
24.33273196,0.1,59.82316711
25.55372566,0.1,60.67902771
25.23014694,0.1,61.56690509
22.53854275,0.1,62.09676398
18.24580133,0.1,62.36670479
15.32956958,0.1,62.59635549
9.528160095,0.1,62.65870777
2.354711294,0.1,63.60522026
5.473017693,0.1,64.59770766
11.42644882,0.1,65.43073338
20.63092589,0.1,66.29669246
30.00330925,0.1,67.05235519
36.79922223,0.1,67.67100188
47.48097062,0.1,68.38004166
57.98852444,0.1,69.01481653
67.84301996,0.1,69.59084561
8.246028796,0.1,34.4084
8.935827762,0.1,53.33595762
9.763067588,0.1,54.26485646
10.50142013,0.1,54.84720398
10.44907048,0.1,55.27624185
11.19884849,0.1,55.8246979
11.19296625,0.1,55.94347914
10.89743525,0.1,56.22658068
10.89866459,0.1,56.2851389
9.993493557,0.1,56.70815899
9.97929275,0.1,57.45097057
9.542763233,0.1,58.08255873
8.433781564,0.1,58.84358005
7.975786924,0.1,59.40671454
6.522081792,0.1,60.04390511
6.00951165,0.1,60.56904392
0.222394243,0.1,2.621122125
0.983566046,0.1,2.176071781
1.193407923,0.1,2.63682775
1.411368139,0.1,3.114979125
1.63531024,0.1,3.609181063
1.867402345,0.1,4.118830813
2.106469125,0.1,4.641882938
2.352688462,0.1,5.182635625
2.606442198,0.1,5.740266375
2.868277486,0.1,6.3160505
3.138880245,0.1,6.91151475
3.419045359,0.1,7.528499625
3.709661774,0.1,8.168899875
4.011682235,0.1,8.8348705
4.326115362,0.1,9.52851275
4.653990269,0.1,10.25212875
3.31654679,0.1,7.352620625
4.087458365,0.1,9.04299325
5.02537284,0.1,11.101418
5.977030843,0.1,13.18228425
6.880257279,0.1,15.157075
8.001828566,0.1,17.605717
8.917484432,0.1,19.599694
9.996337816,0.1,21.954357
11.05189323,0.1,24.253372
12.03181222,0.1,26.3903775
13.22633028,0.1,28.994504
14.17144388,0.1,31.053565
15.29277116,0.1,33.502497
16.34961367,0.1,52.89555933
17.34308898,0.1,53.19080563
18.54363456,0.1,53.52560583
2.368279733,0.1,5.268616875
2.908442169,0.1,6.463652625
3.632808104,0.1,8.061690875
4.294765182,0.1,9.5182915
4.923592322,0.1,10.899124
5.606001243,0.1,12.40042225
6.436705589,0.1,14.2241175
7.129844278,0.1,15.74197875
7.829057053,0.1,17.272178
8.635394275,0.1,19.041336
9.493658319,0.1,20.920004
10.2258157,0.1,22.5395445
10.95417887,0.1,24.137761
11.90208271,0.1,26.2148515
12.75879145,0.1,28.091766
13.55005428,0.1,29.82435
0.57109748,0.1,1.266774219
0.663303654,0.1,1.487985531
0.829968601,0.1,1.851845781
0.968082342,0.1,2.156492281
1.114502782,0.1,2.4802505
1.293348148,0.1,2.876427438
1.414960716,0.1,3.144918938
1.61200203,0.1,3.57963725
1.769028138,0.1,3.926364313
1.940549817,0.1,4.307171375
2.139603719,0.1,4.74685925
2.278870903,0.1,5.05350425
2.501835115,0.1,5.544438625
2.674335148,0.1,5.924377625
2.869665623,0.1,6.3533635
3.085299395,0.1,6.828571
0.436682254,0.1,0.948700297
0.565956114,0.198019802,1.222578563
0.705037965,0.198019802,1.4966065
0.85294107,0.198019802,1.803586969
1.008976717,0.198019802,2.126644906
1.172699966,0.198019802,2.464957625
1.343864948,0.198019802,2.81809925
1.5223925,0.198019802,3.185998563
1.707770396,0.198019802,3.568843375
1.901200972,0.198019802,3.967060188
2.102487721,0.198019802,4.38125775
2.311985008,0.198019802,4.812232625
2.530112863,0.198019802,5.2608675
2.757342532,0.198019802,5.728189375
2.994185314,0.198019802,6.21525225
3.241185099,0.198019802,6.723215125
1.767620444,0.198019802,3.860408
2.251747996,0.198019802,4.88395925
2.832161263,0.198019802,6.1148745
3.450974822,0.198019802,7.416223
4.042578861,0.198019802,8.660097875
4.790127277,0.198019802,10.22758775
5.429172888,0.198019802,11.560129
6.16190955,0.198019802,13.0948235
6.907731295,0.198019802,14.64980625
7.600307465,0.198019802,16.095936
8.453372866,0.198019802,17.8757385
9.158540517,0.198019802,19.342212
9.967043996,0.198019802,21.0309725
10.76898351,0.198019802,22.7026425
11.51178032,0.198019802,24.2547145
12.41581142,0.198019802,26.1413145
1.199714839,0.198019802,2.652209813
1.507794484,0.198019802,3.31734925
1.935059205,0.198019802,4.233119438
2.343770117,0.198019802,5.102639
2.746035345,0.198019802,5.953510375
3.171269782,0.198019802,6.85727125
3.703933209,0.198019802,7.9837885
4.170075059,0.198019802,8.9627355
4.647495225,0.198019802,9.9637145
5.176518112,0.198019802,11.07962125
5.7613682,0.198019802,12.30651775
6.285391748,0.198019802,13.4007025
6.790596992,0.198019802,14.45964475
7.451303303,0.198019802,15.842599
8.0646649,0.198019802,17.123092
8.644457906,0.198019802,18.32986925
0.268450007,0.198019802,0.603729328
0.323798158,0.198019802,0.722259703
0.415817369,0.198019802,0.920831938
0.491156476,0.198019802,1.08767725
0.57964772,0.198019802,1.277871469
0.681323931,0.198019802,1.497946875
0.756495167,0.198019802,1.658501375
0.877952669,0.198019802,1.917391563
0.974751543,0.198019802,2.124130438
1.088317484,0.198019802,2.333283375
1.210773829,0.198019802,2.591255063
1.303484198,0.198019802,2.784081875
1.449208707,0.198019802,3.088100125
1.562636811,0.198019802,3.324487375
1.697237603,0.198019802,3.602946188
1.83713343,0.198019802,3.8951255
0.059578917,0.198019802,0.158948309
1.047312981,0.1,1.6813375
1.226226101,0.1,1.966669344
1.399148954,0.1,2.2410955
1.564408652,0.1,2.502327938
1.720946981,0.1,2.747877875
1.865711994,0.1,2.97538025
1.999544445,0.1,3.18245575
2.120031975,0.1,3.36664275
2.227348741,0.1,3.525272375
2.316694241,0.1,3.655366938
2.38801213,0.1,3.7534485
2.43857177,0.1,3.81540575
2.464245073,0.1,3.8361485
2.463818993,0.1,3.809202
2.432705369,0.1,3.719168688
3.843735904,0.1,6.189166875
4.60591726,0.1,7.409885375
5.544009618,0.1,8.9127815
6.435518153,0.1,10.33698775
7.268356159,0.1,11.66664575
8.274087682,0.1,13.26925175
9.031007066,0.1,14.4695535
9.959835559,0.1,15.94993225
10.80328599,0.1,17.2842075
11.57590561,0.1,18.5049235
12.4942027,0.1,19.960719
13.14266212,0.1,20.972007
13.96782137,0.1,22.266381
14.67699558,0.1,23.366756
15.31996205,0.1,24.355352
16.08577371,0.1,25.535396
2.844821196,0.1,4.585328688
3.432288766,0.1,5.52940575
4.192505032,0.1,6.750289625
4.847502336,0.1,7.799599625
5.435401574,0.1,8.739638125
6.089061499,0.1,9.78572575
6.853127852,0.1,11.00641575
7.430952042,0.1,11.9259025
7.986979559,0.1,12.81238825
8.670993149,0.1,13.90247775
9.34333168,0.1,14.96964
9.854326025,0.1,15.775904
10.36395505,0.1,16.5813365
11.03945076,0.1,17.64368325
11.57691516,0.1,18.4859685
12.00036518,0.1,19.152443
0.70928107,0.1,1.144939188
0.816620304,0.1,1.323717531
0.9988565,0.1,1.615473563
1.150427153,0.1,1.855438469
1.297708135,0.1,2.08960475
1.487191068,0.1,2.394785125
1.600681106,0.1,2.576645125
1.789900474,0.1,2.879752625
1.935821492,0.1,3.113376625
2.081909683,0.1,3.3464835
2.267166041,0.1,3.643100438
2.373658586,0.1,3.81383725
2.560015768,0.1,4.11104125
2.694170456,0.1,4.324945063
2.832936123,0.1,4.543856438
3.006004263,0.1,4.819759625
0.158590963,0.1,0.319598273
0.607992522,0.001980198,29.5417495
0.205943361,0.001980198,31.403018
0.574300531,0.001980198,30.844011
1.97679922,0.001980198,26.2672235
4.718329292,0.001980198,10.58513688
4.054685589,0.001980198,29.856285
0.248419121,0.001980198,54.4523316
3.381586634,0.001980198,56.05671452
7.258911617,0.001980198,57.29540201
11.52921747,0.001980198,58.3268679
16.28493145,0.001980198,59.22109299
19.31282505,0.001980198,60.01556308
22.26820309,0.001980198,60.73353048
25.37438553,0.001980198,61.39021287
28.63172349,0.001980198,61.99650439
4.910439253,0.001980198,59.17803832
5.476005375,0.001980198,59.97250124
6.001204252,0.001980198,60.77793612
5.860146135,0.001980198,61.33241359
5.200885236,0.001980198,61.72652201
3.548517823,0.001980198,62.05021312
0.309523195,0.001980198,62.01757741
3.865111619,0.001980198,61.96051228
11.52384654,0.001980198,61.3400295
21.97500691,0.001980198,59.9651637
48.08156937,0.001980198,57.61832911
21.96697518,0.001980198,62.14034829
4.409372807,0.001980198,63.86313879
16.00174606,0.001980198,65.27309346
34.04587507,0.001980198,66.25233128
56.27933145,0.001980198,67.22756763
3.531675786,0.001980198,57.68566183
4.079332575,0.001980198,58.56210065
4.672808573,0.001980198,59.47597272
4.905669019,0.001980198,60.08618819
4.769554362,0.001980198,60.51126174
4.592265934,0.001980198,60.94596566
3.972224891,0.001980198,61.34294338
2.596728504,0.001980198,61.48702525
0.542782247,0.001980198,61.51508204
1.522578299,0.001980198,61.62437466
5.170878023,0.001980198,61.49081677
10.46171412,0.001980198,60.98666332
16.20014757,0.001980198,60.31539553
26.23922564,0.001980198,58.45836584
48.0672922,0.001980198,57.64629422
26.11748874,0.001980198,61.14298294
0.883959467,0.001980198,23.4961535
0.992552843,0.001980198,26.967524
1.173555385,0.001980198,32.5800435
1.298488118,0.001980198,53.06619332
1.375775319,0.001980198,53.58548788
1.508148387,0.001980198,54.21801435
1.511027105,0.001980198,54.51129749
1.534559764,0.001980198,54.97101029
1.508370042,0.001980198,55.27920841
1.363593154,0.001980198,55.50326544
1.298525371,0.001980198,55.83829814
1.079838723,0.001980198,55.93702933
0.77317562,0.001980198,56.13530276
0.458296388,0.001980198,56.23617875
0.124101527,0.001980198,56.22162874
0.561838038,0.001980198,56.33621261
0.782957999,0.001980198,1.735023063
2.811858896,0.001,33.01529
2.816042397,0.001,52.82355199
2.447686158,0.001,52.79149217
1.489505172,0.001,30.7608355
0.652534422,0.001,16.77591625
1.897947397,0.001,29.7273085
3.255381715,0.001,54.736206
7.904766127,0.001,56.41857187
11.88482903,0.001,57.69603069
14.77179164,0.001,58.75118659
17.80003589,0.001,59.66169627
20.98390739,0.001,60.46836547
24.33104534,0.001,61.19592259
27.84541436,0.001,61.86045649
31.52902052,0.001,62.47335424
12.8442198,0.001,59.68923629
15.07964544,0.001,60.49784722
17.65087992,0.001,61.31599693
19.51864734,0.001,61.88846126
20.76502517,0.001,62.3006447
21.47979289,0.001,62.65203321
20.17188072,0.001,62.66078626
18.38453859,0.001,62.65718622
13.25686648,0.001,62.16427749
5.508612841,0.001,61.11994414
12.06548698,0.001,52.79646412
5.633886904,0.001,62.08236691
18.92218739,0.001,64.05777747
45.73889822,0.001,65.57367291
68.82299483,0.001,66.60094373
87.44288981,0.001,67.61051623
9.330067784,0.001,58.17957919
11.10712346,0.001,59.06219722
13.30795139,0.001,59.98393693
14.94541205,0.001,60.60485049
16.09271578,0.001,61.04078537
17.32722484,0.001,61.48395752
18.39347742,0.001,61.89432309
18.33774149,0.001,62.0553932
17.59618334,0.001,62.10570673
17.09022,0.001,62.23566647
15.09693265,0.001,62.14261233
11.24056056,0.001,61.71125373
6.934575737,0.001,61.15373153
0.747729093,0.001,59.75612015
15.35070688,0.001,55.32485741
12.25607283,0.001,61.119811
2.308272524,0.001,25.851833
2.644527936,0.001,29.6921195
3.198940773,0.001,52.90585669
3.631271422,0.001,53.55695204
4.014339298,0.001,54.08175568
4.538740031,0.001,54.71866988
4.777153954,0.001,55.01589749
5.198725499,0.001,55.4827523
5.477122497,0.001,55.79525105
5.644729361,0.001,56.02781553
5.969199352,0.001,56.36769611
5.971587263,0.001,56.47251982
6.069098599,0.001,56.68174338
6.038705818,0.001,56.79041633
5.764655769,0.001,56.79172135
5.698213354,0.001,56.91690827
0.896786805,0.001,1.578680031
